{"cameraMode":{"drawMode":0,"name":"Shaded","section":"Shading Mode"},"sceneLighting":false,"audioPlay":false,"sceneViewState":{"m_AlwaysRefresh":false,"showFog":true,"showSkybox":false,"showFlares":true,"showImageEffects":true,"showParticleSystems":true,"showVisualEffectGraphs":true,"m_FxEnabled":true},"in2DMode":false,"pivot":{"x":0.13981477916240693,"y":0.12246628850698471,"z":0.0034859180450439455},"rotation":{"x":-0.0341850183904171,"y":-0.000004556261501420522,"z":0.000017897806174005382,"w":0.9994504451751709},"size":0.7293832898139954,"orthographic":true}